"","PWIDS01","PWIDS02","PWIDS03","PWIDS04","PWIDS05","PWIDS06","PWIDS07","PWIDS08","PWIDS10","PWIDS11","PWIDS12","PWIDS13","PWIDS14","PWIDS15"
"1",0.0305771749427285,-1.34329060528793,0.122725938403785,0.543812027887814,-0.30426526474324,-1.61066756514995,0.347196570771029,-0.523217206336139,0.043606013360802,-0.125623835612168,0.659312990469504,0.184892857785633,0.55589278886727,-0.892402662066357
"2",0.686704926580077,-1.01429808987772,0.150158883641529,-0.234471787005448,-0.799048351768486,-1.30195340873127,0.603132467543831,-0.0266330618208384,-0.391643740887138,-0.156574153330024,0.816745998367708,0.134734192872483,0.817100581563073,-1.6293080592691
"3",-0.0258635602729708,-1.46802946302381,0.274744272184259,-0.73840569366634,-2.44080510776372,-1.67557714137134,0.587834974714965,-1.26299016579812,-0.38224554233077,-0.547331222819456,-0.415574052104516,0.0818688567664224,2.10685031616113,-1.94020500209101
"4",-0.155997359881855,-1.04893813359811,-0.16450573931006,-0.10249106605212,-1.513767335927,-1.42529255205159,-0.26844621761225,-0.116602710511577,-0.676093799575868,-1.06720313619226,-0.350232045268211,-1.14791521725854,-0.788527997267848,-1.09267102263956
"5",0.255680944842136,-0.518796800409838,0.645549923296299,0.0158430146426692,-1.07715937706565,-1.62420369218039,-0.0160042710941735,-0.343543618235171,-1.29598850923219,-0.384735588702811,-0.0633408593036496,-1.11563252325788,-0.572258676727433,-0.752166284012967
"6",-0.298904980183918,-0.928814483522644,0.182758490636165,-0.0402415957304188,0.222932802356246,-0.494699808453019,-0.0560186693788482,-0.663890294447584,-0.428737916972892,-0.0381152041877091,0.219978555282047,-1.5684621811692,-0.204897816919911,-0.410812355618101
"7",-0.765689883611103,-1.13563474110564,-0.141745360228782,0.0763258433461163,1.2641021825478,-1.76463047344869,-0.00675439334253157,-0.953557209010387,-0.936730853345027,1.01108065219664,0.0745377336333972,0.168687055814866,1.30361867988161,-1.41343175133737
"8",-0.737714122967469,-1.06624735939697,0.416794832524065,-0.20382461780991,-0.648834780577762,-1.95206228799278,-0.591914295146366,-0.108026457652001,-0.755970411874808,-0.095774799924588,0,0.328235979936466,1.16777283038563,-2.03909277867828
"9",-0.0483696954926544,-1.70917713514588,1.23654183955931,-0.0370175125307983,-1.41160485905437,-1.30486243478851,-0.741972379807941,0.537799058156767,0.747244742497935,-0.730611778861823,-0.107946933474622,0.767800955169157,1.92537447644096,-2.94285853906846
"10",-0.420285909308605,-1.39260700808981,0.854481184033769,-0.227770793066935,-0.571148381529166,-0.59456842607183,-0.107466558600671,0.165766971557388,-0.19222478453322,-0.225378622168357,-0.334645313232221,0.645407569476638,-0.119384770267972,-2.46094414804035
"11",0.43366956446657,-1.26608501384107,0.235916243069814,-0.0954887075975098,-1.09740095271013,-0.0852088084585133,1.13281247384967,-0.59658566633807,0.609331009195981,0.231093464177807,-0.198746213522328,0.559353226879753,-0.216547104208852,-1.46822824891332
"12",-0.183741537025732,-0.932228030792633,0.114988276933436,-0.64091510703333,-0.877245335910245,-1.26746422450373,0.0119903571739514,-3.18405000696576,-0.806938295193922,-0.540767111958709,-0.0194398840270841,1.06435281014954,-1.25394318393282,-1.39260829886584
"13",-0.545255277874162,-1.6391763311847,0,-0.331080226680862,-0.899786126031529,-1.23079064655512,0.767027159781459,-3.30680495882394,-0.54007702729791,-0.413822127855981,0.0579642234235746,1.62433487269625,-0.0471775076544239,-1.12053774650835
"14",-0.631171819360716,-1.28974911170882,0,-0.468083500850349,-0.490119025650421,-1.52966867913561,1.55418710119473,-0.543104726890348,-0.685,-0.874181588527655,0.0304864128220763,0.682459510773191,2.15252428304901,-0.147570356042025
"15",-0.277810439863288,-0.575001115339325,0.0131907722611702,-0.535433316195422,-0.474672727361177,-0.298080290337896,0.0987141681581699,0.344666321406538,-0.417056988199957,-0.826770146719934,-0.224443829349048,-0.753687381146911,0.836269213541834,-0.347210323428075
"16",-0.870151461476307,-0.44202926282791,0.0725060641582237,-0.107488961147148,-0.998807266834201,-1.02787755392478,-0.225448742444343,-1.70822588567908,0.0136133953774634,-0.356931955502222,0.413456033725498,0.607425503930772,1.51137132597673,-0.246674527210638
"17",-0.572574767067184,-1.04159288235969,0.127524725186538,-0.690312092100648,-0.967111419338935,-2.00686051745368,-0.47425641128545,-2.88946447717077,0.62265267832225,-1.55592058675887,-0.0370680831935418,0.49400468366087,1.20963646310246,-1.57784478560877
"18",-0.495303177746825,-1.30434171201522,0.153526404507125,-0.256954037781733,-0.452526947788107,-2.14810495191867,-0.708280500969998,-1.18732099369633,0.178101901677774,-1.09386874129113,-0.296918868774576,1.21,0.204025969093295,-1.01204791808931
"19",-0.797244060186966,-1.36832812974622,0.536139978637081,-0.136722688538486,-1.20401058360085,-2.03143184480991,0.462415052943596,-0.254619042085415,0.0126946102640454,-1.81620135221069,-0.906527910597836,1.20236157286556,1.56061482236228,-1.82841845012969
"20",0.320330628628392,-0.706358074287142,0.763586165542904,-0.287127044814807,-0.822144041030737,-1.60463362975045,-0.14491168122611,-0.497261817823281,-0.0379922577933148,-1.65857004026715,-0.395805422740279,0.00670206092504785,1.02187814235391,-1.76259739048406
"21",-0.471559634988929,-0.415734057099918,-0.710130181052446,-0.614225043153877,-1.80461020442223,-1.2677467943507,-1.34802450494039,0.562618134727947,-1.23324992526969,-0.228917334556162,-0.11809192297803,-0.0472797932324058,0.819846067683146,-1.40443895004936
"22",0.567899828840974,-0.316314889405837,-1.3015484345317,-0.618615399445629,-1.50094618058747,-1.33694697551433,-0.66211301556919,-2.271151761572,-0.287721642984798,-0.318483909016926,-0.19435789506753,-0.0379078585008095,0.660937581282867,-1.82602210616592
"23",-0.440603135062006,-0.127599702056079,-0.890797977477318,0.937845180290167,-0.215328634331367,-1.285,0.723017670723568,0.0109606454438022,-0.927254135324258,-0.791847843470922,-1.56945736909207,-0.367061949801009,-1.45316230780328,-1.38560714419952
"24",-0.525780684265673,-0.550383471868223,-0.236655088485874,-0.285148189355098,0.070843245010056,-2.22485260476031,-0.259844514825503,0.554012434969151,-1.81890789732558,-0.509829769682818,-0.371181564637251,-0.058989133758018,-0.385754703699379,-1.56550014549374
"25",0.257184635398184,-0.347391153074463,0.388286592631276,-0.668147226410472,-0.0838494822631637,-1.98692813855603,-1.29226451818802,-0.552795811436732,-1.08078206417224,-1.52715914690244,-0.284566514678354,1.23307502027524,-1.07840759662659,-1.21248061013218
"26",-0.603943908111837,0.585958154190025,-0.0224499705142312,-0.791446335670215,-0.400232534071168,-2.14618362018041,-1.69063956972077,0.149405922140368,-1.82965152525855,-1.07233783350787,0.0573856271627652,1.29120925804533,1.41165903441928,-1.37012354734
"27",-0.598945130023216,0.14772420239212,0.226555340777941,-0.260460289818673,-1.42833278359458,-0.830074980741932,-0.674167852298688,0.0249228461966658,-1.23541172000596,-1.07462181081305,-0.392342051905757,-0.129352291734144,-0.0409269527980774,-1.2261650992126
"28",0.169029243531279,-0.368139807129498,0.391044367694537,-0.505902963199261,-1.34275756212615,-0.816271893859337,0.714345956039516,-0.859057203296275,0.180528364554427,-1.41567823246819,-0.334895311784697,0.128751499329381,-1.525,-1.68159629734085
"29",-0.462878234750055,-0.359363447081433,0.362947144595353,-0.142152830105236,-0.607919225529363,-0.182698139035596,-0.130033389209246,-0.389845606883207,-0.577331945511646,-1.63865651643262,-0.341886290709754,0.582154368498216,-0.155777431872623,-1.33235991008345
"30",0.165441542139462,-1.71612981144729,0.0396769170771369,-0.597737610789039,-0.394112725446091,-1.20335810862339,-0.688578629400219,-0.956781181544279,-0.972282265411701,-2.08462474833929,0.118576474781327,0.671422429736428,0.301932039220662,-2.00647209161519
"31",-0.184770174625035,-2.17205107843296,0.0850742266893664,-0.759931057297229,-0.497576522504989,-1.57392223947029,0.951686659253808,-1.27482327434757,-0.948576307086951,-1.62474153827362,-0.805315579929428,1.22265151493556,0.256333689946709,-2.76812698800982
"32",-0.512052944932568,-2.04,0.524690269567782,-0.873242161902787,-2.40903228634293,-1.51344265357926,0.489206883629017,-4.60729199470455,-0.805891542671453,-1.11812952653248,-0.209276480661305,1.30826112202599,0.796836848767448,-2.46393782744153
"33",0.467794727556379,-0.699417487240843,-0.0893506004957107,-0.650297444856894,0.268660398127732,-1.88963411852706,-1.3708569633348,-3.92646268520425,-0.832994139178025,-0.55419377591922,0.0592909477683542,1.00571843760939,-0.795149033798905,-0.375399615369217
"34",-0.905771263685474,-1.17813559309203,-0.0130370733688112,-0.500790462282585,0.0335097091719877,-1.55064634870534,-1.81548504740907,-3.49786789456684,-0.379408172757608,-1.29916790469707,-0.604637009507892,0.522491113234371,1.70533378508832,-2.7931983100674
"35",0.0375404883752526,-1.21809773230202,-0.175313892916387,-0.275538071289296,-0.895737404137477,-1.73760185986249,-0.693386509161908,-5.34197639334468,-0.684910285008131,-1.19206580253771,0.240165010026879,0.195532894006462,2.31480890877889,-1.6937263300946
"36",0.424303174400977,-1.49506399860959,-0.283171456922197,-0.543033455911134,-1.36856650212589,-2.6048554815505,-1.1730199705361,-4.1332589196146,-1.12976404980538,-1.36465194592071,-0.0492851734544427,0.0175927759508646,1.01335565967967,-2.5004807021926
"37",-0.0573884633215608,-2.395918861835,-0.205046443556283,-0.382626862535525,-1.84534172071599,-2.02586317921608,-0.568574839535501,-3.72278178189325,0.642726763428605,-0.939394799163307,-0.140780534353893,0.321383028324807,1.40214803166371,-3.14127518451995
"38",-0.445922499149532,-2.44542303256919,0.0178839488197877,-0.672922013214417,-1.99850767097419,-2.63904812224463,-2.3340238130291,-0.408748057498074,0.178256561064113,-1.07160573038301,-0.234579808112662,-0.103209597756496,0.176721562765872,-2.62183700732783
"39",-0.361958011759969,-2.02759652317496,0.0612137615987229,-1.006895615936,0.677946138937377,-1.34404877558735,-1.52730693672336,0.0396169626126334,-0.732160409828437,-0.692198067399882,-0.0864799461050669,-0.261858869061207,2.54352273949278,-3.31309752719283
"40",-0.0146605796372683,-1.68964653711003,-0.220411577514051,-0.426692624958919,-0.531370566520918,-1.23402330433808,-1.39690240683254,1.00962060548745,-0.563093727906023,-1.17920901514221,-0.56481850354392,-0.251178082516002,0.71667726703763,-3.81821268853287
"41",-0.281120202873075,-1.41087203506075,0.308525491999113,-0.806403067305773,-0.983636137119822,-1.95206228799278,-0.753147231783276,-0.203567939824151,-1.25179372457195,-0.465191456623853,-0.0570609713936268,0.2868937252919,1.09628286399512,-2.88105531536077
"42",0.119994059672354,-0.1948136043595,0.408635764192764,-0.420478935921265,-2.92936958969899,-1.70617029688039,-0.80998026087137,-1.4290001362756,-0.701360583588588,-1.02305628620181,-0.22870862894532,-1.22001569389667,0.801686741072014,-2.81484236414192
"43",-0.377031533622765,-0.8941319688457,0.241175133752926,-0.368045417083546,-1.85421693088999,-2.44058065560507,1.04912623086126,-0.396260487769597,-0.885504884898486,-1.74952527227363,0.421441897731939,0.595989835387703,-1.73972182826945,-1.15484960800779
"44",-1.14082056111601,-1.10192371652723,0.0358459870449946,-0.911826862352632,-2.29450990769612,-1.82958171395037,-0.650489252343774,-1.33355210337063,-1.43128451623054,-0.860467009590399,0.459915227575956,-0.983196950375763,-1.39300467078708,-2.98232967431207
"45",-0.108578453351506,-0.0259700246082894,0.387269338427756,-0.0250627244696824,-0.657300357708373,-2.94565464746623,-0.226798646982648,-0.0129851441542087,-1.85742141822433,-0.329866910489152,-0.55742187108562,0.18631600422488,0.400445690373887,-2.01063470302404
"46",-0.182129127725446,0.279595700061312,0.239768413616188,-0.976664957080132,-1.54063948095553,-2.17077835515175,-2.29153556586703,-0.613063509984992,-2.42377043443134,-0.134071291203292,-0.329174095771048,0.00628318211723236,0.0572751398813266,-1.27657124374525
"47",-0.521619469590828,-1.73983039177619,0.202876338329703,-0.665873892698386,-1.37617694175636,-2.35411299680376,-2.0074111967044,-1.74488269082667,-1.45492267835786,0.38398749466259,-0.0470228201833979,-0.117700883279269,1.11444573023676,-1.7274956925337
"48",-1.3055167867814,-2.87689361186888,0.303201091398699,-0.181733188668241,-1.41601314231573,-3.14350827309124,-0.355276854072493,-4.67508099923909,-0.872055514566912,0.519914969770329,0,0.427415931484352,-0.364633524515371,-0.629264462638092
"49",-0.657599512690528,-1.35593512440411,-0.103820462155119,-0.804948560753241,-0.325737738887767,-2.27895535153819,-0.217520592502079,-3.16819257295488,-0.528644575575669,-0.329317015408576,-0.0997564050259824,0.816930018441942,-1.57788980208502,-0.503102442988451
"50",-0.469982825926526,-1.425476140864,0.0364684186331437,-0.620339008244319,-0.315210455457605,-0.650167041524806,-0.85927064148251,-3.55597031619146,-0.466475491404686,-0.211472793343674,0.0614512142109856,0.969040853148866,-3.26296125948674,-1.06445634063854
"51",-0.379256502673613,-0.855971599697964,0.258331687122563,-0.848548827235971,-1.13334244529891,-0.218533130700334,-1.69289209595179,-2.50046338890549,-0.905866657858824,0.663740122915447,-0.0233826627906757,1.20531097812146,-2.70850808760018,-1.57828874375168
"52",0.811520333757359,-0.914891675092708,0.0321605230368701,-0.745517606347223,-0.206414466156623,-1.00085413438551,-1.54478794956796,-2.35358648978792,-1.67807118255034,-1.4124605118541,-0.215904735724407,0.62552139750795,-2.14146702108257,-1.38259892050051
"53",-0.772445401397891,-0.55988727500954,-0.0534521191293683,-0.0921093116355021,-0.0782127901045393,-0.967392670014281,-1.7298313665361,-2.81208843729759,-0.410867988814494,-1.06320276277805,-0.135326047272475,0.946006218728106,0.196833484188,0.300138683350119
"54",0.638059673144066,-0.284242377733372,0.0416909868909787,-0.387045618210685,-0.681692281707194,-1.65929536788817,-1.95034660570162,-2.59350377292899,-2.73229231204934,-0.854234934484813,0.0682306414119581,1.49532700571998,-0.532345822659605,-0.972915519955923
"55",-0.0249226817039038,-0.811833406232357,0.00877332634950131,-0.293986459241172,-0.287786137845303,-1.25047636570145,-0.985860911411686,-4.15488074759232,-0.699636304460177,-0.240700740391174,0.342320792009966,1.25092128829164,-0.165595911220551,-0.828079950712389
"56",-0.176760464560518,-0.408841141115968,0,-0.00642279860401149,-0.622867823670554,-0.549778184148587,-1.17619907657837,-2.47111433348743,0.0300194192812372,-0.783944400085992,-1.55252821853891,0.746437526204535,-0.748908891138862,-1.13360604383766
"57",-0.315609188050915,-0.762127697798998,0.00422618261740699,-0.321496076987398,-1.4010611331648,0.251789983312547,-1.98422940262896,-2.16800470287192,-0.293815603433353,-0.868954605321422,-1.07714509168394,0.51916340290593,-0.134287744819388,-2.11571275363353
"58",1.46225918562282,-0.931763470350809,0.136327365457883,-1.15958937141781,-2.17367521839165,-0.304197202836003,-0.611480469669538,-3.36513329302133,-1.77156447533082,-1.06471466468441,-0.577579448794806,0.115602157756129,1.16078795898298,-1.26936817874526
"59",-0.104438811923859,-0.641075414308167,-0.225126212636507,-0.877105340624049,-0.771358591993428,-1.76234447547836,-0.612593049850536,-0.996029114775739,-1.47456387893909,-1.62895707923697,-0.496588636575261,-0.0337892998421346,-3.32223835862442,-1.11679660487348
"60",-0.89012460623653,0.578859063486478,-0.459714662691311,-0.152580962456232,-0.145336544469836,-1.65202365127248,-0.155235602513754,-1.5250836139815,-0.521806845015964,-1.31518753029768,-0.59184080898423,0.88961127502191,-0.3765011810254,-1.15586959503356
"61",0.061028927310782,0.0683743642790396,-0.030710247270016,0.132537300113838,-0.619639380214992,-1.62995350693196,0.0857969331992232,-2.95354569156097,0.3530295172163,-1.46192067765652,-0.323535783102976,1.53217348388301,0.797457879418921,-1.48360250273821
"62",-0.171970625291585,-0.380262739462608,0.0399233214510204,-0.458100806932739,-0.886077099027606,-0.717912401746671,-0.726988259598334,-2.01592309217056,0.148337404149649,-0.908792303904151,-0.996276890666413,-0.346410848973023,-0.196897160272194,-2.16779648089078
"63",0.736566634264074,-0.255177413029289,0.0586197237547359,-0.147186159600105,-1.08357699256982,-0.903094008250539,-1.13217015949093,-3.61779479380913,-1.07453239938455,-2.14715850339514,-0.54801093414421,0.961794899086331,1.8895099110573,-1.17115762428698
"64",-0.045445051146884,0.259445779667123,0.299852239116715,-0.429322493741669,-1.65317626950408,-1.7593205298352,-0.057965591722155,0.372308633670027,-0.619181653614288,-1.51132364022641,-0.120251783213555,1.40827503110353,1.67112426612849,-1.11546188521917
"65",0.704561495250878,-0.27712812921102,-0.175006223563931,0.312440869999424,-3.18645870112868,-2.19547564317875,0.0925146199009229,-0.372934768851194,0.484374798296795,-0.68562865442127,0.0595967191506481,0.694750206308076,-1.46661942272684,-1.74549713650361
"66",-0.769825404525736,-0.48284987025691,-0.186464977171173,-0.442371426521122,-2.91023293986317,-1.31940618151763,-1.90865192653846,-0.529192785548154,-0.852743439346186,-1.9241756838786,-0.604780425918319,0.983682617373998,-1.33057378086276,-2.10524717748285
"67",-0.989812361060743,-1.2359718436341,-0.0602710281123351,-0.894020270516365,-2.94124092485958,-1.92834683591693,-0.181601791174364,-0.520791815768048,-1.70551007276665,-1.14117220670319,-0.259804650923481,0.297893122263046,0.250804192848897,-0.882249836556306
"68",-0.681691864466248,-2.58208067168087,-0.06480563122599,-0.290720105420722,-3.69753475429327,-3.54598774043821,-0.568030689407845,0.691448639877795,-1.09963506351235,-0.039022213745184,-0.0135066264035951,0.44302636490654,1.80924818118241,-1.87526109061273
"69",-0.635050556062445,-0.556091014525461,-0.515448941295898,-0.159546240708251,-1.36831752571043,-3.71714343345193,-1.46214179128683,0.498419836042993,-0.429822750698525,1.63740977179721,-0.170180217239729,2.31748649018758,1.49382659792396,-1.07445991415301
"70",-0.829386485312478,0.44356207506607,-0.3335731452863,-1.26065754379786,-0.841517727187529,-3.41681178391312,-0.872217390663241,-2.92551966456211,-0.885778572471439,-0.292993261743736,0.22995866360914,1.29297794483033,-0.0840523256416554,-2.51574300580801
"71",-0.520132075539286,-1.02054437055194,-0.0996839672085986,-0.536572868990816,-1.6632707688628,-3.76610206762115,-0.66150077158574,-3.92046215004085,-1.36879961387569,-0.421781184359367,0.354338393447018,1.21406826442437,-1.84029302980015,-1.61320715791828
"72",-1.00298035675884,-2.32365178346861,0.220643011009882,-0.687136820726911,-0.770112740711746,-3.60857642296289,-0.19840401186108,-2.14304330128875,-0.703646828082947,-0.757887138985829,-0.834535516752119,-0.0763375621354486,-0.757027613652054,-2.11253641812899
"73",-0.261499423803865,-1.98101892647662,0.123340578803913,-0.389786356384986,-0.26144849331208,-4.72843168454116,-0.513976500775324,-1.72308399166558,0,-1.49335981371007,-0.326970570157812,-0.996740539808182,2.27508781291791,-2.79632349295921
"74",-0.625950010136104,-1.53497365395693,-0.0201003137900158,0.437655908517088,0.291006866748861,-4.3299486008269,0.120650649971097,-0.0836520098692426,-0.181476014496832,-1.56451687255241,-0.460393339424839,1.32155685504615,-0.196833484188002,-2.98512865536845
"75",0.48668950885563,-1.5099425038269,-0.622834478577337,-0.371649891655002,0.012671032472036,-3.41193220787895,0.413799148583585,-2.77847160031808,-0.331999416186683,0.243164522265966,-1.08543681139661,1.13718253929981,0.442103566911502,-1.2023065314426
"76",-0.525584968615727,-0.903132404908138,0.173431322676618,-0.0513075741205715,-1.28971657509072,-2.12114079607641,-1.00787837349182,-5.13017524035624,-1.26943113622842,-0.190098792903399,-0.439121318744461,0.459572615984742,0.759954383900274,-2.95336046564402
"77",-0.239470436635695,-0.120280893104966,0.623196070641166,-1.0823509859726,-1.53695491630359,-1.240516760936,-1.85262198989711,-6.96672331466165,0.92358309134523,0.281521359712981,0.696635810783385,-0.00691150032895736,2.53099519097139,-2.54597740299032
"78",0.605339303914545,-0.408811403209982,0.0942484634041511,-1.6603610764901,-0.559282448299773,-0.0165454189036682,-1.28933850350347,-4.9193993322193,-0.230926468616404,-0.523985905970079,0.737943088505839,0.569412165252574,2.15328688723632,-3.45760918159096
"79",-0.372983910572975,-0.956993889748745,-0.203214392303721,-0.933487386048597,-1.10665264418012,0.0675408129122869,-0.165765555629102,-4.53760660786706,-0.296537848271596,-1.22931443271804,0.141565543902032,1.34959216370895,1.2207194226109,-3.16024888815775
"80",-1.64385783701582,-0.438091454913308,0.253757944584805,-0.366891242775426,-0.920270055495013,-0.476016607365279,-1.69245533982524,-4.22163962751007,-0.292202947302513,-0.743325074420769,-0.419027397110954,0.983161570983709,1.55074916788463,-3.21387263058585
"81",0.832955064626837,-0.921780939962197,0.444484576743299,-0.77095011544355,-0.0934477555462627,-0.350308304377178,-0.914555022003443,-3.46906963155104,-0.375161319171217,-2.35810826722488,-0.0530191203200001,0.592218939548852,0.72028157003956,-2.04870065852076
"82",1.18281901785102,-2.09039026586367,0.16151618293229,-1.06360873679146,-0.846871047009993,-1.20542454696724,-1.82424959717875,-3.55378023438113,-1.35721398225025,-1.27415035430459,0.19527726784433,-0.114342593754416,1.72022117719545,-0.627570088321614
"83",0.485923665185833,-1.56115887958134,0.0838628924375639,-0.263729690790583,-0.145572313990929,-0.134363062304629,-2.50636651961682,-1.57371145683729,-0.849310521802663,-1.1080119858247,-0.0218952514181857,1.63781364770865,2.78756509944821,-0.339092852700935
"84",-0.166333282943032,-1.77232692671793,0.422211164757778,-0.944646086508103,-1.28732821525241,0.286952674248963,-2.25436772007851,-0.31095856327699,-1.72910882040587,0.758320970359473,-0.20662506577733,1.89173843038044,1.83272545912448,-0.291812018976617
"85",-0.0871469338128387,-2.01123230904312,0.643116442649536,-0.735241985689086,-1.50707452359848,-0.599595201382105,-1.92752940001258,-0.111396874467931,-1.16206703532412,-0.207437308252002,0.445712117946914,0.839892241199371,1.74028209948803,-0.950552279557246
"86",-0.168429324540219,-0.949124875302022,0.372324600277912,-0.801127008322491,-0.870462198744656,-0.408583429454451,-1.76323119707037,0.655509363085314,-0.704615808381796,-0.942507707304141,0.453278379701301,-0.976608575805532,-0.445477292437397,-1.66032165918466
"87",-0.242138997950162,-0.96879746684402,0.10557374790033,-0.856284650339803,-0.0872788221457459,-0.743604606817186,-1.74309601347093,0.529500909310527,-0.917968862892869,-0.355855651322588,-0.198787258449726,-0.0906806780949344,0.0416032416981179,-1.80358993955474
"88",-0.536147364239111,-1.4009324694819,-0.0834714824951862,-0.245347960377566,-1.50689488461074,-0.814373063997926,-1.87943880078862,1.00482778791745,-1.50571211413955,-0.00546287778526175,-1.46985708434933,1.12128235745892,1.396001303849,-2.27491778669507
"89",-1.10113168168722,-0.380769153768368,0.322883322606221,-0.119849339796342,-0.913249278258241,-1.04957930366885,-1.41688392556582,-2.44002347753969,-0.661901542265095,0.131035714798689,-2.10078465865739,1.64508608539349,1.11842488695371,-2.26808074383784
"90",-1.27561821640927,-0.424104977723829,0.570713567684432,-0.144052248828447,-0.164360125204799,-1.19499503299676,-1.0621872032417,-1.11113301676914,-0.132907000324189,0.0412934628231348,-1.84226856215524,0.890739638226841,0.702477153735512,-1.80653142228902
"91",-0.586055283580321,-0.586680434827409,-0.609508169470245,-0.134783906958888,-1.57295435933084,-2.33442988739107,-0.138503108742288,0.146062938564899,-0.708273661474828,-0.991778528773499,-1.30201851051687,0.933653073177203,-0.588558704069298,-0.750878328047192
"92",-0.141078893081979,-0.601056116934986,-0.0292249895347751,-0.887927413297873,0.316138704764711,-2.2094795043445,-0.357779515544169,-0.323059910770904,-0.98921386990885,0.0141021458018835,-0.314873946718529,1.44071407475786,0.879604121011754,-0.835902569850334
"93",0.259310315068648,-0.883925175110467,-0.2747731003535,-0.399516923311381,-1.20902938732937,0.211413742276,0.433155813447208,-0.863469906749514,-0.947848925291104,-0.982905590927633,-0.594024968974101,0.504631750508941,-0.569829710310443,-2.24884398302797
"94",-0.199171533280105,-1.80854945337086,-0.04512978631264,-0.43805057879404,0.181888813261227,-1.04759071162935,0.694897197527153,-0.226708539668408,-1.82433410993549,-0.85288655152638,-0.82911474688825,0.132178083805856,0.688911939904687,-1.55215091988903
"95",-0.974320478425389,-1.46422876058483,0.239832646744758,-0.13247672897644,0.0698070244091204,-1.35267001681011,0.61876646159244,2.59779219332074,-0.890324536965566,-1.32165696765914,-0.308909852651844,-0.208744218121232,-0.355585893738179,-2.1739624399963
"96",-0.688118619624382,-1.78577941569773,0.218742998747885,-0.31865102227883,-0.116373008007877,-0.587147529746217,0.926173862473162,-0.635749526308099,-0.541356147223023,0.205200052572829,-0.505447759235922,-0.388513554540779,1.56577026376627,-0.781721697221596
"97",-0.47922876260112,-1.34275756212615,0.0172692080878702,-0.884965171269452,-3.83057839845997,-1.3644100225419,0.877900194125726,-2.79286576061551,-0.988387458234058,-1.4109886422552,-0.270750387873064,0.220857735345223,2.51601224229569,-0.621485643585809
"98",0.321725803348695,-1.62379085844678,0.0442842588312555,-0.229730411180503,-3.50826802688372,-1.24302697364515,-0.311705352195255,-2.34890883093975,-0.745896544109979,-0.839390962949569,-0.43703280211301,1.10659734217573,0.52863107849121,-0.408247226464004
"99",0.00918041322203817,-2.12018889652452,0.393700527123579,-0.588834096324255,-1.87539555362096,-1.57270564691373,-0.904858102690794,-4.80424800985065,-1.3095410425438,-1.1079530102328,-0.297515854191668,0.549027251736174,-0.905027281940666,-0.646758857780875
"100",-0.728515578902594,-1.01073144391201,0.6369825655056,-0.865341230790757,-0.803149974293133,-1.35030282815825,-1.26508716871933,-4.12265035083983,-1.06818194954807,-0.220457856228775,0.00324630581615793,0.506823364983116,-2.71495976512962,-0.703572796976948
"101",-0.457280105053902,-1.12181908979579,0.014919830274837,-1.77358669138048,-0.599945571550444,-0.996774666458672,-0.668021871860894,-2.91675548715289,-2.1360956106758,0.249220834172522,-0.394878009883439,0.539756762485227,1.355,-1.00895091763242
"102",-0.276998532687809,-0.562474667226326,0.45715542033245,-1.35100790954274,-0.299574669278555,-0.886959661670651,-0.909321866636188,-1.22620618466008,-2.12527886345319,-0.0672909045496691,-0.161529955385452,-0.134014067337604,2.0103216299575,-1.54022543099663
"103",-0.366025255524972,0.247577008114661,0.460372843935891,-0.733690318800779,-0.374194000820466,-0.963381975205912,-1.40275775805932,-1.59742728845108,-0.870841219869748,-0.399516923311381,0.040040483103196,-0.261074871196825,0.626879980731325,-0.947863633953463
"104",0.214514065925267,-0.388309334117172,0.0235108037197752,0.131952303682852,-1.75185621643826,-0.564937780531291,-0.780582703128419,-1.25714825238951,0.0149224969195465,-1.03964748410059,0.396366934745926,0.103073014268744,0.996725952262696,-0.198490598676407
"105",0.346216777692915,-1.06858783853339,0.0198101892647662,-0.271251675163165,-2.89476144473054,-1.41802349777769,-0.495521388140123,-0.264155995569236,-0.991379063519538,-0.926115001333691,0.241487862405219,-0.206022904853312,0.448731613408137,-0.443765834168637
"106",0.362640113823612,-1.31632194043699,0.739998872915833,-0.389786356384986,-1.94714650713611,-2.18175813820389,1.13382362226881,-0.64072783295143,-1.8254725084368,-0.15691819145569,-0.137361117696003,0.74929709182682,0.277676354296414,0.348099828262435
"107",-0.0499138824106306,-2.64034882989268,-0.197007017905644,-0.9353343162739,-0.142121188866686,-2.24290964575952,0.5761733304657,-2.50748256997375,-0.484654848256424,-0.840226527411727,-0.0407892137561941,1.02377433081264,1.01290839717302,-0.133495726082045
"108",0.510381912108025,-2.36401388352238,-0.0291605161760001,-0.229626000345031,-0.507765619412139,-1.95110238011195,-0.534490566920465,-0.141930202034615,-1.27693885588706,-1.24165067739203,-0.0656093095045353,0.796836848767448,0.0901853820187369,-0.954573345789694
"109",-1.04071970578108,-1.78775542769766,0.222354093322824,-0.86058021164475,-0.897244709166283,-0.827982540123331,-2.19177357778045,0.067562543994035,-1.52738378216008,-0.954448701177128,0.289497451697328,1.15677523007496,-1.68608737264795,-1.07229472847822
"110",-0.247635481791646,-1.27671786173476,0.0363984508350617,-0.180377674820333,-0.137149108513786,-1.27867324583129,-1.26938897146407,-3.45529905111067,-0.979960144916041,-2.19078471978643,-0.0833858046925949,0.552627216862969,-0.694481341289615,-2.02318206163469
"111",-0.45242532257842,-0.415931476382534,0,0.030541711265246,0.189524946511834,-1.41968592848194,-1.5230217711071,-2.30126496918134,-0.512843521438694,-1.22790139153009,-0.632245589227816,-0.134253384522481,-1.04156142365193,-0.797002865275229
"112",-0.413922228030701,-0.532496550362987,0.000540788129847754,-0.610815390838218,-0.511368096706246,-1.64534807149009,-1.59929615795386,-1.71894320986814,-0.626583182033569,-0.4302335047952,-0.534019534493247,1.00602579356473,0.886959661670651,-1.43013727893264
"113",-0.163927713298695,-0.787796566225658,0.0752219451685554,-0.575566507695289,-0.536423357323354,-1.65488841791159,-1.60136009663007,-1.49232106324318,-0.73100113890503,0.471595818637267,-0.181968529930203,0.548042088265574,-0.514206917152307,-2.93328422726245
"114",0.515315427352756,-1.97515630248462,0.433200620596903,-0.51448034575703,-0.952204086029192,-0.798815417061475,-1.64261409097774,-3.17477540594204,-1.26094741030775,0.421263802778212,-0.466356479990616,-0.455722775511479,1.30161566014011,-1.81550290576826
"115",0.578944502362646,-1.63717815779372,0.184613835156471,-0.0832064833962357,-0.352276871421163,-1.31214377490621,-0.587922065311359,-5.66502644666053,-0.485627305769748,-0.304283051621809,-0.351736406796695,0.360844138231989,2.85444496615396,-1.04881623390576
"116",0.354240786705814,-1.24660270415135,0.940139899435911,-0.333485780703723,-0.749422711102015,-1.47442056920219,-1.68331849057036,-4.45432308084528,-0.676647754057802,-0.635643386821856,-0.0223833662768569,0.441937178797671,-0.101161892330228,-0.596646706439381
"117",0.192152650386117,-0.816753673636831,0.608324772480025,0.293066687444448,0.160002817484769,-2.30257161505724,-1.30979431150624,-3.02617323109206,-0.394170781389481,-0.305322825700584,0.539888235576022,-0.13188660973222,0.780801386000866,-2.10359293953579
"118",-0.602385520043173,-1.11639464831941,0.536312150750783,-0.471857537691496,-0.456245538420036,-1.32109583680587,-2.12161114090253,-3.30408073211983,-0.257943315018143,-0.82032274660404,1.08448251258205,0.143910067398918,-0.136267783176844,-2.51440454868498
"119",-0.0754615401420314,-1.01027208032358,0.764974275077189,-0.548237704415681,-0.391765524440298,-1.93555037966487,-2.0199723103398,-0.645301365492946,-0.240514712652053,-0.867551066166851,0.668021871860894,1.06908897810923,-1.40329512980365,-1.78295271730151
"120",-0.403194783650004,-0.634078617901724,0.304754664031319,-1.467830723281,-2.17491839488483,-1.78118058728305,-1.72083587361271,-0.963787276317188,-0.623900094187886,-0.231914153340428,0.225090754927338,1.33127294112431,0.438003537603958,-1.24861108977495
"121",-0.0976995395912278,-1.2599692946888,-0.176335575687742,-0.731279247803587,-1.91541715863528,-1.61933228189296,0.121942520432088,-2.78267923878601,-0.694319174557617,0.0598791443306155,-0.0901375543608283,0.889196445801875,1.86726458960709,-1.43923580222403
"122",-0.609404719776631,0.401180830937031,-0.239154198955571,0.0308046703092601,-0.97860283013976,-0.23655937672225,-0.286753091576381,-1.96513677741881,-0.269985748195761,-0.516375391238753,-0.0152847652481553,-0.464219929802499,1.05567773865725,-0.566544270910683
"123",-0.953557209010387,1.22341505894186,-0.245372403973353,-0.0782690754405402,-1.99934798643373,-1.54531199323687,-0.60927939488136,-1.77903697228568,-1.0190186891888,-0.607033362218722,-0.254864652719529,0.130902428988443,0.205066951957367,-0.127780291738376
"124",-0.0314123379694476,0.540053748811174,-0.283921162439006,-0.143907047404095,-1.56575345554944,-1.41714619860637,-1.09945603773733,-2.45441943754321,-1.31386506382237,0.338635349356595,-0.621084276588073,0.54060893501977,1.53948908891729,-1.19976286343071
"125",-0.360794374774836,-0.054429394492662,-0.498968705161285,-1.01797809595151,-1.03816942104072,-1.03194934150866,-1.37132184668688,-2.02409289494593,-0.921045640148748,-0.397782655584519,-0.476648772321251,-0.401288155942773,-0.373286722864648,-2.16705901676545
"126",-0.68642593084099,-1.25058282280927,0.0714184507388464,-0.649328815125432,-0.74754200469084,-0.845343051298864,-0.141851713729931,-1.38129534288731,-0.476246163949029,-0.478931780661916,-0.447282429954831,1.15497173294885,-1.84908067796543,-0.299449088847113
"127",-0.848106860712342,-0.918265496573284,0.033799689204,-1.5343303036306,-0.85914923646404,-0.383758894673204,-1.0200083170165,-1.65677365275209,-1.082266048922,-0.10633423117243,-1.39949007381426,1.3037646930144,-0.532543611374317,-0.585905577021054
"128",-0.336383148737012,-0.232904680388131,0.0704528417420811,-0.77035904588902,-1.59400983258635,-1.10051783795919,-1.1669755331215,-0.343543618235171,-0.833299618275623,-0.405881028314115,-0.501425240178599,1.17858727653511,2.6206784481581,0.808528208098382
"129",-0.665431677662022,-0.0234456141725646,-0.0128252980472947,-0.906274689903185,-1.14661066506096,-0.102973983053406,-0.142310244256958,-0.429909066155806,-0.768916645561171,-0.551420756295642,-0.585726831738373,1.14829559576417,1.7510866080464,-1.44289858476762
"130",0.285843305893367,-1.00008620498711,-0.00906325801977802,0.354286131754002,-0.342239528435754,-0.765388443114563,-0.285227943631477,-0.415967255679853,-1.48354721650925,-1.34031187748911,-0.210074836088202,1.97183819079052,1.60381174353906,-0.68077122948116
"131",-0.135198756816001,-1.98355659964682,-0.00581170740537365,0.222478672754406,-1.62108614524036,-0.380425375383715,-0.992223107883312,0.190445966138872,-0.369726859246801,-0.99445881311578,-0.127419293918293,1.21144230977501,-2.08691498179125,0.774355380412181
"132",0.174562533656982,-1.10321448804552,0.0414417428893469,-0.058112825243478,-1.06723437156989,-0.287604165291443,-1.58841174708711,-1.99787684700616,-0.0191633649327296,-1.96513677741881,0.128030125626901,1.33478579375852,-2.05745222741909,-0.602008481281216
"133",-0.515126281172684,-0.805296076694757,0.352068757775883,-0.452553715952266,0.424949768214821,0.0386585522577966,-0.391656465158443,-5.4211303532886,-0.178152583263943,-1.24370865963329,0.173866648732032,1.21737210348027,-0.629999040455371,-0.21443818539701
"134",-0.193445115211926,-1.28744406657118,0.371867036338425,-0.134728074743884,-0.879807001457864,-2.03645609230764,-0.279984647422343,-1.84502927682376,-0.805324774551037,-0.569340460671116,-0.0572396585241921,1.33643950595891,0.587132289312401,-0.879839299621415
"135",0.190328418415338,-1.17920750465881,0.360846959405128,-0.33026592062795,-0.453623843175986,-1.72005598512592,0.0240674916454365,-1.39757826413256,0.829604637699807,-0.628930279599126,-0.0492097803984621,0.158748738891495,1.12904002918798,-0.921449553861745
"136",-0.43500044021839,-0.874310646716155,0.11467364295771,-0.433353104277285,-1.1066795017142,-1.74043625088268,-0.267725213497067,-4.33879215083867,0.0409032479974752,-0.475967745617396,-0.401281011213593,-0.251683865097989,0.143561339147893,-0.0115715270659059
"137",-0.0192856434514064,0.0215019214700347,0.022844956455631,-0.43332346816144,-1.73311145381474,-1.96347896199767,-0.662897163595262,-4.47178606191513,-1.65542165712219,0.674927847363211,0.498970366493969,-1.08471870898053,0.393044145926913,-0.227255829798118
"138",-0.106633192336079,-1.48540210311236,0.0913809806048038,-0.0421984404453734,-0.409060404863778,-1.75298729485632,-0.406986122816259,-5.30766285723393,-0.89572633016668,-0.382095837983268,0.431388505794169,1.0765267622253,0.207358762955563,-0.170673702967332
"139",0.306793101418357,-1.34496086295211,-0.406868519972792,0.0676100504162709,-0.303148022102045,-1.74871729560897,0.0318618815426415,-3.13509691422409,-0.650369005120911,-1.31085456894343,0.022875121743559,-0.0981393280300386,-1.66004431758911,-0.188750277771327
"140",0.967795819386202,-1.33318330843175,-0.40306755055428,-0.440805947541982,-0.391084553219778,-1.17693162062485,-1.5613772630766,-2.72174137760894,-0.591560394459789,-1.11858693158563,0.177480483429244,1.22348788609957,1.27029316010232,0.229559098343369
"141",0.30197936496843,-1.89805183868333,-0.251671249467706,-0.550173120894112,-1.03185901211232,-0.260244995137073,-0.988136213118351,-5.75649116362999,-0.108530663644011,-1.0684744940946,-0.639484412873245,1.33979687158883,-0.618068714559936,-1.40837458625898
"142",-0.517451895679896,-0.692666707108232,-0.106993733237328,-0.462054695187417,-1.19515845347199,-0.835027830454315,-2.60771058655802,-3.81069467199253,0.206034438990866,-0.573928213911687,-0.799355516091557,0.713739976163135,-0.815952583750304,-2.93677915537555
"143",-0.286359857836383,0.0234478895018945,-0.0445912801589167,-0.318891809990471,0.0284485057246991,-1.01439253381314,-2.07544483231393,-1.52468259266595,-1.27945488590381,-1.05555542468954,0.192042856999358,0.749087010965071,1.91957574163605,-2.02786956118601
"144",-0.0885346325363321,-0.171925189538478,-0.0150941916044554,-0.462518176487156,-0.0795168478932273,-1.30424011103859,-0.572282957950054,-3.6997971266524,-1.59617356985882,-0.917987202060052,0.0856506969813093,0.33352789512783,1.54036730030186,-1.28293809946472
"145",0.235885131391004,-0.705199484720803,-0.0543232484946582,-0.571650555963856,-0.755480816912434,-0.79370461285258,-2.29776350754067,-3.59153115021162,-1.56137161842302,-0.540286673348814,-0.0907242594598565,0.676991555182126,-0.723776360747885,-0.801461622563482
"146",-0.167415536985901,-0.378290001618786,0,0.010192702132453,-0.452838075400754,0.0295829553394877,-2.056985540872,-1.27151713996851,0.572856551410063,-1.2436375967475,0.667703938422941,0.105950353081555,0.447935278951153,-0.954848795897286
"147",-0.182253226100002,0.72737215837067,0,-0.313780825038689,-1.7359149689917,-1.24417706977597,-0.902639676118338,-1.06702743207966,0.263256709734787,-1.19153135183,0.529807800943425,1.03196149758971,-0.37542166326922,-2.10507627400371
"148",0.342602787925238,0.203567939824151,0.747634773666606,-0.0221481270069058,-0.769699788581073,-1.74749947959393,-1.55789841778086,-0.204927935976061,-0.432879227876205,-1.04327867466433,0.313891473818413,1.04489267108458,-0.643426247833862,-0.955439415204008
"149",-0.26143024605606,-0.362989258688157,0.383938634250162,0.0320263852790324,0.428984888146628,-1.04124618242315,-0.592587745008063,-2.64928182716354,-0.515602452632629,-1.17301071416829,0.029991490730531,0.909775588687429,2.45977328867983,0.400798405850914
"150",-0.419559384625822,-0.629161090970336,-0.150773977738255,-0.360000752188382,-0.748395423259472,-1.1657723857037,-0.0817408531110509,-3.90966357714438,-0.359607242825774,-0.591093969319899,0.0438867164462112,0.478768132730783,2.94700752655134,-2.43665872845114
"151",0.0350627923971588,0.284249512060089,0.582824276151142,-0.119955759724001,-1.43777458086454,-0.495142817582033,-0.539996710135207,-4.42840479239315,-0.552974053582368,-0.554955504733434,0.399138212792617,0.63181700837696,-1.83320088958561,-3.31995793254035
"152",0.466571147749269,-0.229196534439567,0.722741814786985,-0.371649891655002,-1.75453918280935,-0.701064011352437,0.802419841224631,-4.26752026112645,-0.714477693174902,-0.49722940655789,0.551387478926947,0.647103219279432,-1.21284464026309,-1.95714813540131
"153",-0.388468702439944,-0.598733066829017,0.517884993916701,-0.45191630181119,-0.164068446353868,-1.62080161098469,0.273657588253215,-2.68362404261795,-0.243529920598023,-0.159729646266877,-0.386625906604002,-1.93649850889657,0.399282941894007,0.0649254241079023
"154",-0.206485041747703,0.110774248809734,0.724711519544611,0.504575095106917,-0.480876533848645,-1.10561026159687,-0.100525290167527,-3.10660032306076,-1.14589746411179,0.343568410363456,-0.957776907682181,-0.606032140057588,0.930857479937335,-0.191353492130551
"155",-0.642235039053608,-1.80952769022369,0.3587340224344,-0.389548608282085,-0.594231804202345,-1.56142048899741,-0.30909342939894,-0.994759086034872,-1.64297145896307,-0.316312139817367,-0.342727983717618,0.702196147587297,1.36808525043251,-1.34174619862774
"156",-0.266979189759464,-1.74388675852053,0.196893403844689,-0.0288685859555282,-0.218943063417785,-1.67043616686048,-0.0434289831789776,-3.58388564093394,-0.65839246049389,-0.287537257560672,0.609224940297777,0.280017692422013,0.884277032181812,-1.54593539064914
"157",-0.563872973525122,-1.14946618234483,0.0390611639791535,0.284297764694351,0.637611054633147,0.21295661723476,-0.26463765196682,-1.62274050434444,-0.0813158273168277,0.110229094660563,0.0961194265783599,0.109905508110182,0.0461925436562587,-1.08972538051731
"158",-0.4314355170469,-0.837037562562781,0.0366343203037716,-0.083984280527345,-0.223454520232444,-0.812270604727567,-0.130441033858445,-0.391906554782841,-0.120148288544699,0.114251587519105,-0.458271121437142,0.612862917204068,1.63431061190464,-2.01907555952734
"159",0.445272553731993,-0.340386687215754,0.150171048543308,-0.134999194632529,-1.13814483717961,0.428806254318478,-0.406622008958805,-1.31503569912525,-1.18925487147758,-1.28146016362861,-0.762955128572368,0.481401480782347,0.984811953172827,-1.95529930024342
"160",-0.0117285589823804,-0.133223216543121,0.250805097464231,-0.0552758629225438,-0.95583111122813,-0.778202044488748,-0.191316656630624,-2.42131199871965,0.303040161100935,-1.27207214423464,-0.391169817066274,-0.0367551225096605,1.82042203781641,-1.01730689458935
"161",0.748592354086183,-0.279874416922216,0.741621164795093,0.112128310065304,-1.43358036098017,-0.502440730277915,0.687501779703837,-4.50659198091133,0.0952514403621577,-0.540921966981329,0.243304126730152,-0.128139500411351,-4.18044075261707,-0.879645094637739
"162",-0.0254113617373137,-0.670922376497213,0.423938971847969,-0.34392377225968,-0.406660012033414,-0.340673361694335,1.2319530007709,-4.95691591873591,-0.0661335692389545,0.179612195756677,0.0253916398586369,-0.771170412487681,-1.30282166177231,0.140973667940811
"163",1.13504305822826,-0.96183362879767,0.0695953350697366,-0.155864428645256,-0.584760373187086,-1.26508441030291,0.688005433720201,-5.33256059932231,-1.1261643652093,0.0841976238611965,-0.8337323802566,-1.07327857560771,-0.526347201546147,-2.07979973245158
"164",-0.690599736835666,-1.4125204865531,0.226668467609067,-0.700115539536448,-0.575124342970262,-2.45980937233018,-0.948555482977437,-4.15522176124183,-0.479987749423545,0.658887257575398,-0.536536453170072,0.325852341615574,-0.786935021961337,-1.47980474165995
"165",-0.108188439777754,-1.38556808345965,0.132214445912062,-0.615298438706652,-0.554184300491252,-3.44192988633734,0.362576431993171,-1.53322021763336,-1.41896681493462,1.05011296453935,-0.175504170996452,-0.154859371711959,-0.91235634133492,-1.20831988070541
"166",-0.437399308589371,-1.52266650020268,0.151759559511653,-0.163696533988001,-0.373821457317034,-1.41281333928642,-0.283350312470638,-1.28880062799405,-1.07969558037182,0.600390611140323,0.412471387148618,0.302235971644767,0.161648426657156,-0.18592887574169
"167",-0.233341474198666,-0.900447141000383,0.166163701294482,0.111718827348788,-0.524432748293924,-1.51806027508354,-1.65292686372835,0.211833969380672,-1.81725852548501,0.125281494037225,0.711981904613337,1.19245300920022,-0.332972553888462,-0.771432943754584
"168",-0.646561936170187,-1.00681885586353,0.046798607157359,-0.539485827187259,-0.168956620000875,-0.369780927206942,-1.38211962044427,-0.0465949679880139,0.0786481293709377,-0.655855854823171,0.538273426060955,0.633203984977109,0.511462759411688,-3.2051729281612
"169",-0.322011234394159,-1.33858125292889,-0.00649250615207239,-0.770818261439198,-3.05061217152208,-1.78192494672673,0.59717590786783,-1.27123540760435,-0.288912521887839,-0.510667204784503,-0.118132921320531,-0.209730001822112,1.48308935197216,-2.90608242522259
"170",-0.438060067420809,-1.41079819109797,-0.101810407295118,-0.886333002354068,-1.99975319622831,-0.138196112715072,-0.34287667675437,-1.22516239582075,0.0446940471383794,-0.391931562710259,-0.949623054121006,-0.917027955054984,0.17425052320023,-1.50858410914858
"171",-0.207642532703682,-0.691521836318192,0.23812839245876,-0.425515386637368,-1.62690746074062,-1.72720911644638,-0.0480830931031207,-0.885620926455351,-0.146561141547529,-0.781411428008013,-1.0583472100329,0.787627174927328,2.03864031802124,-1.67970295875338
"172",0.521899128600247,-0.59365654816638,0.654724488219309,-0.96357442873923,-0.5991952229445,0.275461927194256,-0.498738347404329,0.443963122780916,-0.568574839535501,-0.315090431557471,-0.0852534290194627,0.639134981264796,0.215100455164315,-1.35945095841665
"173",-2.04253428840733,-0.641906798870834,0.615880482514101,-0.510891515871582,-1.52665508386228,-0.965652171993337,-0.371109352449067,-2.38992750134325,-1.02046443524942,-0.127524725186538,-0.111838580694149,0.518366548722829,-1.00499768051288,-1.82056387763609
"174",0.100416252207406,-1.00514883330482,0.018150834440889,-0.196787580029742,-0.775488730537243,-2.86352615517553,-0.386210720839908,-3.66275809333176,-1.68101909612213,-0.409395112422171,-0.252787534768657,0.851564443555535,0.763928320012148,-0.449790188523115
"175",-0.61960758039171,-0.619195672364278,-0.114121942787254,-0.410938828038649,-0.417810820788227,-3.44230842913016,-0.959415193938332,-0.730929261806843,-1.40530115282047,-0.798610792628701,-1.24891045608776,1.43603818716096,-0.499597197557223,-1.15139072961264
"176",-0.131035714798689,-0.185880236001991,-0.138827067905379,0.523812077099333,-0.744924041015944,-3.02284309024762,-1.12922096876965,0.69522704774598,-0.993900270815596,-0.86531773664719,-0.683938722773564,1.03852575596163,0.687228978870531,-1.98621264680316
"177",0.0200362170551513,-0.670853828439726,0.0936339030533128,-0.841992940292287,-0.225195673561519,-2.36156237496463,-1.11684734954813,-0.0851231571017275,0.348738882549036,-0.73483672402303,-0.169959346906221,0.785744038412497,-1.38485651798989,-1.52258372595662
"178",-0.132985246458796,-0.390945828447285,0.146617816395407,-0.185930334234998,0.266101864435085,-2.45011632738606,-1.05306549625893,-1.76631064434176,-0.657244905670678,0.245363622475154,-0.779708762033939,0.224019562130311,-2.36206945912618,-2.87878036053218
"179",-0.552627216862968,-1.16709600616608,0.153526404507125,0.137550836072156,-0.492166777544025,-2.06072138310768,-1.02006245815495,-0.186060664616424,-1.03150534801442,-0.805083767400611,-0.927373640819401,0.746132412082235,-0.399003337838606,-1.88759319971786
"180",-0.923668769655912,-1.57555784995384,-0.0062831342681654,-0.485239961230392,-0.368479706679054,-1.06038033140934,-0.894761965883199,-1.37793954212475,-1.58316394109634,-1.02891706430914,-0.441908651725943,1.29486245031124,1.42381643941047,-2.56894015621443
"181",-0.558274221528088,-0.775019003086662,0.202443768725532,-0.410406323480511,-0.379582066360373,-0.607039457021977,-0.908723111956884,-2.12770637226508,-0.971681817237079,-1.18181654424832,-0.960027376786366,0.397387252179536,1.86695806884407,-2.21970711248992
